,Title,Score,URL,Keywords Found
0,Applying to USA based cybersecurity job and here's what I see,1,/r/Layoffs/comments/1k7rx3c/applying_to_usa_based_cybersecurity_job_and_heres/,['cybersecurity']
1,Cybersecurity Modules for People with Disabilities?,3,https://www.reddit.com/r/cybersecurity/comments/1k84eg7/cybersecurity_modules_for_people_with_disabilities/,['cybersecurity']
2,"What are your go-to free WAFs, antimalware and vulnerability scanners for your projects?",22,https://www.reddit.com/r/cybersecurity/comments/1k7vtsq/what_are_your_goto_free_wafs_antimalware_and/,"['malware', 'vulnerability']"
3,Beware Before Applying on LinkedIn: Fake Job Offers Linked to Malware Campaigns,131,https://www.reddit.com/r/cybersecurity/comments/1k7n4xs/beware_before_applying_on_linkedin_fake_job/,['malware']
4,Top cybersecurity stories for the week of 04-21-25 to 04-25-25,1,https://www.reddit.com/r/cybersecurity/comments/1k7lvm9/top_cybersecurity_stories_for_the_week_of_042125/,['cybersecurity']
5,What are some ways to network in Cybersecurity and find opportunity through networking,3,https://www.reddit.com/r/cybersecurity/comments/1k78glr/what_are_some_ways_to_network_in_cybersecurity/,['cybersecurity']
6,Black Basta Ransomware Leak: Key Findings and Insights,7,https://www.first.org/blog/20250321-black-basta-ransomware-leak,['ransomware']
7,"Why data breaches, not the reason you, unless your an experienced professional",0,https://www.reddit.com/r/cybersecurity/comments/1k7f91e/why_data_breaches_not_the_reason_you_unless_your/,['data breach']
8,HR 2154 - American Cybersecurity Literacy Act,24,https://www.opencongress.net/bill-details/42097,['cybersecurity']
9,Cybersecurity growth,222,https://www.reddit.com/r/cybersecurity/comments/1k6wp80/cybersecurity_growth/,['cybersecurity']
10,159 CVEs Exploited in Q1 2025 ‚Äî 28.3% Within 24 Hours of Disclosure,83,https://thehackernews.com/2025/04/159-cves-exploited-in-q1-2025-283.html,['exploit']
11,For those persons who collect amd amalgamate threat intelligence (OSINT) from the web,7,https://www.reddit.com/r/cybersecurity/comments/1k6s2d5/for_those_persons_who_collect_amd_amalgamate/,['threat intelligence']
12,Yale New Haven Health Confirms 5.5 Million Affected in March Cybersecurity Incident,46,https://cyberinsider.com/yale-new-haven-health-confirms-5-5-million-affected-in-march-cybersecurity-incident/,['cybersecurity']
13,A Comprehensive Guide to Threats and Penetration Testing in 5G Campus Networks,0,https://www.researchgate.net/publication/390300421_5G_Under_Siege_A_Comprehensive_Guide_to_Threats_and_Penetration_Testing_in_5G_Campus_Networks,['penetration testing']
14,Cybersecurity Podcast for SMBs with actionable insights?,5,https://www.reddit.com/r/cybersecurity/comments/1k6evjg/cybersecurity_podcast_for_smbs_with_actionable/,['cybersecurity']
15,I want go into Cybersecurity where do I start,0,https://www.reddit.com/r/cybersecurity/comments/1k6egfe/i_want_go_into_cybersecurity_where_do_i_start/,['cybersecurity']
16,Looking for honest feedback from cybersecurity pros: Early access to a European-built exposure discovery tool,2,https://www.reddit.com/r/cybersecurity/comments/1k6chv6/looking_for_honest_feedback_from_cybersecurity/,['cybersecurity']
17,Google has confirmed a sophisticated phishing attack,580,https://www.reddit.com/r/cybersecurity/comments/1k698kn/google_has_confirmed_a_sophisticated_phishing/,['phishing']
18,MFA Authentication method added for multiple accounts,3,https://www.reddit.com/r/cybersecurity/comments/1k5zhlj/mfa_authentication_method_added_for_multiple/,['authentication']
19,Fingerprinted & Matched: How Tycoon2FA Phishing Chooses Its Victims,9,https://www.reddit.com/r/cybersecurity/comments/1k5x0i4/fingerprinted_matched_how_tycoon2fa_phishing/,['phishing']
20,DLP-type rules to help the cybersecurity team?,1,https://www.reddit.com/r/cybersecurity/comments/1k5j0xu/dlptype_rules_to_help_the_cybersecurity_team/,['cybersecurity']
21,Analyzing Dark Web Malware,6,https://blas.me/analyzing-dark-web-malware,['malware']
22,Vulnerability Scanning - Intune / Entra managed devices,4,https://www.reddit.com/r/cybersecurity/comments/1k59zs7/vulnerability_scanning_intune_entra_managed/,['vulnerability']
23,CVE-2025-31161 is being actively exploited and it's not getting the attention it should.,505,https://www.reddit.com/r/cybersecurity/comments/1k5als5/cve202531161_is_being_actively_exploited_and_its/,['exploit']
24,Seeking Advice and Guidance for Job Interviews in Cybersecurity,0,https://www.reddit.com/r/cybersecurity/comments/1k5a32g/seeking_advice_and_guidance_for_job_interviews_in/,['cybersecurity']
25,Zoom's Remote Control Feature Exploited in ELUSIVE COMET Attacks,43,https://cyberinsider.com/zooms-remote-control-feature-exploited-in-elusive-comet-attacks/,['exploit']
26,Exploiting Misconfigured Host Header for SSRF and AWS Metadata Access | POC | Bug Bounty,6,https://youtu.be/LKMgZFJoa6c,['exploit']
27,Help me understand why this online bank use JS encryption on the password form,14,https://www.reddit.com/r/cybersecurity/comments/1k55n19/help_me_understand_why_this_online_bank_use_js/,['encryption']
28,Cybersecurity stats of the week (April 14th - 20th),5,https://www.reddit.com/r/cybersecurity/comments/1k4d78q/cybersecurity_stats_of_the_week_april_14th_20th/,['cybersecurity']
29,üîê I built a JavaScript-powered Web Vulnerability Scanner (CLI + Web UI + VS Code Extension),1,https://www.reddit.com/r/cybersecurity/comments/1k4rphv/i_built_a_javascriptpowered_web_vulnerability/,['vulnerability']
30,Offical XRP NPM package has been compromised and key stealing malware introduced.,273,https://www.reddit.com/r/cybersecurity/comments/1k547oz/offical_xrp_npm_package_has_been_compromised_and/,['malware']
31,Cybersecurity stats of the week (April 14th - 20th),2,https://www.reddit.com/r/cybersecurity/comments/1k4ht90/cybersecurity_stats_of_the_week_april_14th_20th/,['cybersecurity']
32,How to spot false positives in malware reports,1,https://www.reddit.com/r/cybersecurity/comments/1k4hfmw/how_to_spot_false_positives_in_malware_reports/,['malware']
33,"Vulnerability Summary for the Week of April 14, 2025 | CISA",2,https://www.cisa.gov/news-events/bulletins/sb25-111,['vulnerability']
34,Can Police Install Malware on Your Phone After an Investigation?,1,https://www.reddit.com/r/cybersecurity/comments/1k3mfln/can_police_install_malware_on_your_phone_after_an/,['malware']
35,Need Advice: Salary Expectations for Vulnerability Management Role in Dubai (2+ YOE),1,https://www.reddit.com/r/cybersecurity/comments/1k3lu5c/need_advice_salary_expectations_for_vulnerability/,['vulnerability']
36,New Android malware steals your credit cards for NFC relay attacks,46,https://www.bleepingcomputer.com/news/security/supercard-x-android-malware-use-stolen-cards-in-nfc-relay-attacks/,['malware']
37,FREE Event | Michigan | WiCyS Empowering Michigan Women in Cybersecurity,4,https://www.eventbrite.com/e/wicys-empowering-michigan-women-in-cybersecurity-tickets-1316356139649?aff=ebdsoporgprofile,['cybersecurity']
38,Has Anyone Successfully Started a Cybersecurity Agency or Consulting Company?,256,https://www.reddit.com/r/cybersecurity/comments/1k2bemr/has_anyone_successfully_started_a_cybersecurity/,['cybersecurity']
39,Cybersecurity Presentation - How to best reach an audience?,2,https://www.reddit.com/r/cybersecurity/comments/1k26nns/cybersecurity_presentation_how_to_best_reach_an/,['cybersecurity']
40,Top cybersecurity stories for the week of 04-14-25 to 04-18-25,9,https://www.reddit.com/r/cybersecurity/comments/1k25rlk/top_cybersecurity_stories_for_the_week_of_041425/,['cybersecurity']
41,2 data breaches within a week! What's going on?,140,https://www.reddit.com/r/cybersecurity/comments/1k1wga2/2_data_breaches_within_a_week_whats_going_on/,['data breach']
42,Recommendations for intensive penetration testing / red team in person or online boot camps?,16,https://www.reddit.com/r/cybersecurity/comments/1k1ruqz/recommendations_for_intensive_penetration_testing/,['penetration testing']
43,Cross-Site WebSocket Hijacking Exploitation in 2025,10,https://www.reddit.com/r/cybersecurity/comments/1k1m191/crosssite_websocket_hijacking_exploitation_in_2025/,['exploit']
44,Advice sought: Cybersecurity start-up idea working with cyber freelancers to help dutch micro-businesses achieve GDPR compliance.,3,https://www.reddit.com/r/cybersecurity/comments/1k1lkl9/advice_sought_cybersecurity_startup_idea_working/,['cybersecurity']
45,"Authentication without secrets to protect or public keys to distribute. Yay, nay or meh?",1,https://www.reddit.com/r/cybersecurity/comments/1k1f59t/authentication_without_secrets_to_protect_or/,['authentication']
46,Windows NTLM vulnerability exploited in multiple attack campaigns,64,https://www.helpnetsecurity.com/2025/04/17/windows-ntlm-vulnerability-exploited-in-multiple-attack-campaigns-cve-2025-24054/,"['vulnerability', 'exploit']"
47,Framework for evaluating authorization solutions. (IBM study: average cost of a data breach hit $4.88 million in 2024. IDC report: devs spend ~19% of their time on security tasks = $28k in cost per dev per year. Authz is a big blind spot in these misaligned security choices),18,https://www.reddit.com/r/cybersecurity/comments/1k0uxhh/framework_for_evaluating_authorization_solutions/,['data breach']
48,Trying to transition into cybersecurity ‚Äî need some help and guidance,3,https://www.reddit.com/r/cybersecurity/comments/1k16nkk/trying_to_transition_into_cybersecurity_need_some/,['cybersecurity']
49,QA into Cybersecurity,0,https://www.reddit.com/r/cybersecurity/comments/1k1amt5/qa_into_cybersecurity/,['cybersecurity']
50,Is it worth it getting a masters in cybersecurity?,105,https://www.reddit.com/r/cybersecurity/comments/1k17ril/is_it_worth_it_getting_a_masters_in_cybersecurity/,['cybersecurity']
51,How can I mention that I handled a ransomware attack in an employment JD letter? (Maybe a dumb question),28,https://www.reddit.com/r/cybersecurity/comments/1k17ow3/how_can_i_mention_that_i_handled_a_ransomware/,['ransomware']
52,"How a vulnerability in PHP's extract() function allows attackers to trigger a double-free in version 5.x or a user-after-free in versions 7.x, 8.x, which in turn allows arbitrary code execution (native code)",21,https://ssd-disclosure.com/ssd-advisory-extract-double-free5-x-use-after-free7-x-8-x/,['vulnerability']
53,Moving from Network to OT Cybersecurity for Utility company,17,https://www.reddit.com/r/cybersecurity/comments/1k0o6o6/moving_from_network_to_ot_cybersecurity_for/,['cybersecurity']
54,"Introducing Cybersecurity AI (CAI), an open Bug Bounty-ready Artificial Intelligence",5,https://github.com/aliasrobotics/cai,['cybersecurity']
55,Cybersecurity World On Edge As CVE Program Prepares To Go Dark,1691,https://www.reddit.com/r/cybersecurity/comments/1k0dt2u/cybersecurity_world_on_edge_as_cve_program/,['cybersecurity']
56,Google Cybersecurity Certificate,1,https://www.reddit.com/r/cybersecurity/comments/1k038j7/google_cybersecurity_certificate/,['cybersecurity']
57,MITRE-backed cyber vulnerability program to lose funding Wednesday,452,https://www.reddit.com/r/cybersecurity/comments/1k02ops/mitrebacked_cyber_vulnerability_program_to_lose/,['vulnerability']
58,"[2 YoE, Unemployed, Cybersecurity Engineer, United States]",1,https://drive.google.com/file/d/1F_oM1hWOPN_4Tv6eSIy3KGFVCYOY0FnJ/view?usp=sharing,['cybersecurity']
59,Looking for Cybersecurity Professionals to Participate in My Dissertation Research on AI in Penetration Testing,6,https://www.reddit.com/r/cybersecurity/comments/1k0061h/looking_for_cybersecurity_professionals_to/,"['cybersecurity', 'penetration testing']"
60,Burning Data with Malicious Firewall Rules in Azure SQL Server,7,https://www.varonis.com/blog/malicious-firewall-rules-in-azure-sql,['firewall']
61,Small personal websites being used in phishing campaigns,13,https://www.reddit.com/r/cybersecurity/comments/1jzx9nt/small_personal_websites_being_used_in_phishing/,['phishing']
62,"Can a Cybersecurity job be 100% remote? Like, living in the other side of the world.",0,https://www.reddit.com/r/cybersecurity/comments/1jztp78/can_a_cybersecurity_job_be_100_remote_like_living/,['cybersecurity']
63,Summer 2025 Cybersecurity Internship Opportunities,3,https://www.reddit.com/r/cybersecurity/comments/1jzsy6g/summer_2025_cybersecurity_internship_opportunities/,['cybersecurity']
64,"Found serious malware (Amadey, RedLine, more) inside `C:\ProgramData\Endpoint Protection SDK\Temp` ‚Äì Legit folder from iolo System Mechanic ‚Äì Anyone seen this exploited?",0,https://www.reddit.com/r/cybersecurity/comments/1jzr7pb/found_serious_malware_amadey_redline_more_inside/,"['malware', 'exploit']"
65,Do BCPs normally include cybersecurity systems?,4,https://www.reddit.com/r/cybersecurity/comments/1jzpwlo/do_bcps_normally_include_cybersecurity_systems/,['cybersecurity']
66,Phishing Campaign Using Google Cloud Storage to Mask Credential Stealer on Compromised Domain,1,https://www.reddit.com/r/cybersecurity/comments/1jzb3ac/phishing_campaign_using_google_cloud_storage_to/,['phishing']
67,"Future-Proofing Authentication: Passwordless Strategies for a Hybrid, AI-Driven World",5,https://techdemocracy.zoom.us/webinar/register/WN_tZZ6y0nhQ8yW4O_AiZ4wGA#/registration,['authentication']
68,cybersecurity survey,0,https://www.reddit.com/r/cybersecurity/comments/1jzou7e/cybersecurity_survey/,['cybersecurity']
69,Password entropy and data breaches,0,https://www.reddit.com/r/cybersecurity/comments/1jzmzo7/password_entropy_and_data_breaches/,['data breach']
70,Will A2A protocol impact the existing cybersecurity world?,0,https://www.reddit.com/r/cybersecurity/comments/1jzi9p2/will_a2a_protocol_impact_the_existing/,['cybersecurity']
71,"Hertz confirms customer info, drivers' licenses stolen in data breach",516,https://www.bleepingcomputer.com/news/security/hertz-confirms-customer-info-drivers-licenses-stolen-in-data-breach/,['data breach']
72,Medusa Ransomware gang demanded a $4 million ransom from NASCAR,3,https://www.reddit.com/r/cybersecurity/comments/1jzczb3/medusa_ransomware_gang_demanded_a_4_million/,['ransomware']
73,Cybersecurity stats of the week (April 7th - 13th),3,https://www.reddit.com/r/cybersecurity/comments/1jz7uyk/cybersecurity_stats_of_the_week_april_7th_13th/,['cybersecurity']
74,Legality of hosting malware for an attacker to exfiltrate and detonate on themselves,125,https://www.reddit.com/r/cybersecurity/comments/1jz68kw/legality_of_hosting_malware_for_an_attacker_to/,['malware']
75,Cybersecurity short term career goal. Advice and critique please.,11,https://www.reddit.com/r/cybersecurity/comments/1jz2iv5/cybersecurity_short_term_career_goal_advice_and/,['cybersecurity']
76,Threat actors likely to exploit U.S. tariff confusion,20,https://www.reddit.com/r/cybersecurity/comments/1jyyrv5/threat_actors_likely_to_exploit_us_tariff/,['exploit']
77,CVE 2024-38163 Windows Update Stack Vulnerability,1,https://www.reddit.com/r/cybersecurity/comments/1jz0svp/cve_202438163_windows_update_stack_vulnerability/,['vulnerability']
78,Can the Public Sector Keep Up? The Real Cybersecurity Struggles Governments Face.,24,https://www.reddit.com/r/cybersecurity/comments/1jz0zg8/can_the_public_sector_keep_up_the_real/,['cybersecurity']
79,"DaVita Hit by Ransomware Attack Disrupting Operations, Patient Care Continues",67,https://cyberinsider.com/davita-hit-by-ransomware-attack-disrupting-operations-patient-care-continues/,['ransomware']
80,"Vulnerability Summary for the Week of April 7, 2025 | CISA",4,https://www.cisa.gov/news-events/bulletins/sb25-104,['vulnerability']
81,Discovered a Critical Password Reset Vulnerability in a Public Service App ; Need Advice on What to Do,1,https://www.reddit.com/r/cybersecurity/comments/1jyu2v1/discovered_a_critical_password_reset/,['vulnerability']
82,Mobile Application Penetration Testing by TCM Security,13,https://www.reddit.com/r/cybersecurity/comments/1jyro1b/mobile_application_penetration_testing_by_tcm/,['penetration testing']
83,Malware Analysis Note-Taking,1,https://www.reddit.com/r/cybersecurity/comments/1jylltp/malware_analysis_notetaking/,['malware']
84,"So much skilled worked shortage I keep hearing, then where are the Cybersecurity job's",775,https://www.reddit.com/r/cybersecurity/comments/1jydd8s/so_much_skilled_worked_shortage_i_keep_hearing/,['cybersecurity']
85,I'm trying to learn cybersecurity. Humble Bundle just dropped some prep. Is it worth it?,111,https://www.reddit.com/r/cybersecurity/comments/1jy9hfk/im_trying_to_learn_cybersecurity_humble_bundle/,['cybersecurity']
86,EIT Digital Master School in Cybersecurity,1,https://www.reddit.com/r/cybersecurity/comments/1jy4m4p/eit_digital_master_school_in_cybersecurity/,['cybersecurity']
87,Charlton Athletic hit by 'ransomware cyber attack' in August,1,https://www.bbc.com/sport/football/articles/cj9e3we1y9eo,['ransomware']
88,Your opinion on cybersecurity,0,https://www.reddit.com/r/cybersecurity/comments/1jxidns/your_opinion_on_cybersecurity/,['cybersecurity']
89,Entrepreneurship in the Cybersecurity field?,2,https://www.reddit.com/r/cybersecurity/comments/1jxockd/entrepreneurship_in_the_cybersecurity_field/,['cybersecurity']
90,Vehicular protection - cybersecurity field?,6,https://www.reddit.com/r/cybersecurity/comments/1jxq0dc/vehicular_protection_cybersecurity_field/,['cybersecurity']
91,"NASCAR, others purportedly hacked by Medusa ransomware gang",89,https://www.scworld.com/brief/nascar-others-purportedly-hacked-by-medusa-ransomware-gang?hl=en-US,['ransomware']
92,"Advice on Master's in Cybersecurity ‚Äì CGPA 3.0, OT Security Experience, Limited Financial Resources",1,https://www.reddit.com/r/cybersecurity/comments/1jxcuby/advice_on_masters_in_cybersecurity_cgpa_30_ot/,['cybersecurity']
93,Reverse engineering Python malware from a memory dump ‚Äî full walkthrough,28,https://www.pixelstech.net/article/1744434431-reverse-engineering-to-get-the-python-malware-source-code-via-dfir-memory-dump,['malware']
94,"Hackers exploit old FortiGate vulnerabilities, use symlink trick to retain limited access to patched devices",33,https://www.helpnetsecurity.com/2025/04/11/fortios-fortigate-vulnerabilities-symlink-trick-limited-access/,['exploit']
95,Anyone having issues dealing with Clickfix Malware?,13,https://www.reddit.com/r/cybersecurity/comments/1jwv6sz/anyone_having_issues_dealing_with_clickfix_malware/,['malware']
96,MacOS PT/exploit development?,1,https://www.reddit.com/r/cybersecurity/comments/1jwtute/macos_ptexploit_development/,['exploit']
97,Advice for spinning up cybersecurity department?,1,https://www.reddit.com/r/cybersecurity/comments/1jwsztl/advice_for_spinning_up_cybersecurity_department/,['cybersecurity']
98,Top cybersecurity stories for the week of 04-07-25 to 04-11-25,8,https://www.reddit.com/r/cybersecurity/comments/1jwqrz3/top_cybersecurity_stories_for_the_week_of_040725/,['cybersecurity']
99,How cyberattackers exploit domain controllers using ransomware,90,https://www.microsoft.com/en-us/security/blog/2025/04/09/how-cyberattackers-exploit-domain-controllers-using-ransomware/,"['ransomware', 'exploit']"
100,Want To Keep Up With Ransomware Trends? Check out BlackFog's State of Ransomware Quarterly Report!,1,https://www.blackfog.com/ransomware-report/,['ransomware']
101,Cyber Threat Intelligence,1,https://www.reddit.com/r/cybersecurity/comments/1jwn1jg/cyber_threat_intelligence/,['threat intelligence']
